id,first_name,last_name,email,gender,ip_address
1,Melvin,Pawels,mpawels0@mayoclinic.com,Male,217.115.229.148
2,Morie,Cartwight,mcartwight1@unesco.org,Male,180.155.147.43
3,Hilda,Westmancoat,hwestmancoat2@zdnet.com,Female,124.182.27.211
4,Antonetta,Crookston,acrookston3@dyndns.org,Female,60.34.186.97
5,Crista,Wyllcocks,cwyllcocks4@mysql.com,Female,224.109.213.90
6,Purcell,McCutcheon,pmccutcheon5@washingtonpost.com,Male,2.242.227.169
7,Keenan,Kliment,kkliment6@tinyurl.com,Male,86.102.206.65
8,Morris,Shitliffe,mshitliffe7@google.cn,Male,80.18.250.5
9,Rhoda,Broadbent,rbroadbent8@mysql.com,Female,93.210.218.134
10,Jemima,Kenderdine,jkenderdine9@fotki.com,Female,71.62.20.219
11,Rodge,Luis,rluisa@myspace.com,Male,182.180.253.200
12,Roland,Vaulkhard,rvaulkhardb@tiny.cc,Male,140.220.91.204
13,Evin,Mulqueen,emulqueenc@webmd.com,Male,32.93.183.103
14,Joey,Alcoran,jalcorand@netscape.com,Female,21.209.217.247
15,Curry,Raubenheimer,craubenheimere@ucoz.ru,Male,31.138.98.151
16,Tobiah,Ivetts,tivettsf@npr.org,Male,171.111.211.221
17,Cordelie,Farthin,cfarthing@geocities.com,Female,30.122.208.92
18,Alfy,Knevit,aknevith@cocolog-nifty.com,Male,223.30.241.238
19,Iorgos,Alexsandrov,ialexsandrovi@samsung.com,Male,155.16.127.39
20,Krishnah,Nassau,knassauj@cnet.com,Male,12.71.69.74
21,Nicolai,Cloney,ncloneyk@epa.gov,Male,166.183.140.127
22,Dominique,Assiratti,dassirattil@paginegialle.it,Female,211.196.70.182
23,Sansone,Earingey,searingeym@aboutads.info,Male,237.58.194.224
24,Maritsa,Laurenty,mlaurentyn@fda.gov,Female,56.124.82.143
25,Valencia,Bartlet,vbartleto@is.gd,Female,250.130.61.155
26,Keslie,Robbert,krobbertp@discuz.net,Female,249.111.224.88
27,Salli,Tolcher,stolcherq@is.gd,Female,241.222.168.100
28,Charita,Wilden,cwildenr@un.org,Female,99.206.82.92
29,Deny,MacKenzie,dmackenzies@cnbc.com,Agender,170.24.85.207
30,Gertrude,Rigler,griglert@sciencedaily.com,Polygender,89.5.203.199
31,Golda,Badgers,gbadgersu@wikipedia.org,Female,248.89.170.188
32,Halette,Hutson,hhutsonv@usa.gov,Female,43.142.43.170
33,Anthiathia,Baskeyfield,abaskeyfieldw@squidoo.com,Female,176.188.213.46
34,Emmott,Labrow,elabrowx@jimdo.com,Male,128.139.249.119
35,Vidovik,Peatman,vpeatmany@bigcartel.com,Male,134.15.218.126
36,Lee,Ottawell,lottawellz@yahoo.co.jp,Male,201.48.79.223
37,Horace,Fawdrie,hfawdrie10@woothemes.com,Male,111.84.111.71
38,Demott,Bigley,dbigley11@sciencedirect.com,Male,142.163.19.206
39,Joanie,Packman,jpackman12@smh.com.au,Female,153.101.135.79
40,Enrichetta,Landall,elandall13@wikipedia.org,Female,210.248.30.101
41,Cassandre,Purvis,cpurvis14@aol.com,Female,222.249.124.231
42,Oren,Fassmann,ofassmann15@bandcamp.com,Male,60.92.237.112
43,Angelina,Samples,asamples16@pen.io,Female,153.40.215.130
44,Antonio,Poskitt,aposkitt17@yolasite.com,Male,115.16.95.5
45,Norah,Gallihawk,ngallihawk18@wikispaces.com,Female,60.199.255.171
46,Beckie,Pountney,bpountney19@furl.net,Female,21.106.51.240
47,Guinevere,Spurge,gspurge1a@psu.edu,Female,24.84.127.109
48,Jonathon,Petel,jpetel1b@earthlink.net,Male,168.147.195.159
49,Cynthie,Plumb,cplumb1c@github.io,Female,57.92.112.112
50,Odelinda,Livick,olivick1d@twitpic.com,Female,208.224.145.251
51,Rolf,Lorrie,rlorrie1e@cbc.ca,Male,38.200.46.201
52,Marcellina,Chue,mchue1f@discovery.com,Female,196.49.106.68
53,Drusilla,Feathers,dfeathers1g@prweb.com,Female,210.136.102.99
54,Marthe,Woolam,mwoolam1h@shop-pro.jp,Female,103.10.157.19
55,Yoshiko,Boolsen,yboolsen1i@nps.gov,Female,90.85.149.125
56,Kelwin,Bradburn,kbradburn1j@diigo.com,Male,32.193.22.152
57,Sullivan,Russe,srusse1k@bravesites.com,Male,205.103.122.147
58,Prudi,Tonsley,ptonsley1l@slashdot.org,Female,29.189.202.142
59,Herschel,Billin,hbillin1m@blogger.com,Bigender,127.128.137.46
60,Shanan,Stavers,sstavers1n@timesonline.co.uk,Male,72.127.57.177
61,Penrod,Edrich,pedrich1o@ameblo.jp,Male,237.212.151.176
62,Bondy,Czaja,bczaja1p@economist.com,Male,130.53.157.66
63,Adriano,Heineking,aheineking1q@washingtonpost.com,Male,212.245.227.115
64,Davide,Dadds,ddadds1r@irs.gov,Male,106.237.115.69
65,Janetta,Mattiello,jmattiello1s@networksolutions.com,Female,70.33.154.182
66,Justino,Wibberley,jwibberley1t@cnet.com,Male,166.207.227.136
67,Will,Buckner,wbuckner1u@privacy.gov.au,Male,201.162.210.65
68,Parrnell,Colmer,pcolmer1v@vimeo.com,Male,120.149.167.68
69,Corine,Hurdwell,churdwell1w@networksolutions.com,Female,139.90.25.117
70,Cullin,Triner,ctriner1x@miitbeian.gov.cn,Male,255.96.116.112
71,Alphard,Lavrinov,alavrinov1y@networksolutions.com,Male,187.49.130.221
72,Tanhya,Simoneau,tsimoneau1z@uiuc.edu,Female,81.172.97.213
73,Robina,Gilkes,rgilkes20@vinaora.com,Female,148.24.178.9
74,Rustin,Flemyng,rflemyng21@liveinternet.ru,Male,246.24.60.42
75,Candie,Danilowicz,cdanilowicz22@friendfeed.com,Female,168.71.217.161
76,Raphaela,Pawlik,rpawlik23@mediafire.com,Female,114.33.74.92
77,Aigneis,Renahan,arenahan24@home.pl,Female,218.85.248.10
78,Aubrette,Edgeworth,aedgeworth25@gmpg.org,Female,46.198.218.166
79,Lacie,Seiler,lseiler26@wix.com,Female,44.35.178.150
80,Robbert,Wilton,rwilton27@soundcloud.com,Male,90.95.101.222
81,Raul,Leythley,rleythley28@shutterfly.com,Male,214.252.30.174
82,Brig,Spinney,bspinney29@facebook.com,Male,86.189.127.224
83,Etienne,Rosel,erosel2a@globo.com,Male,141.202.141.244
84,Marysa,Stops,mstops2b@jigsy.com,Female,172.34.37.238
85,Kimbell,Brussell,kbrussell2c@1688.com,Male,77.134.85.178
86,Rodolfo,Gurr,rgurr2d@ibm.com,Male,53.79.204.122
87,Constantina,Maslin,cmaslin2e@shutterfly.com,Female,121.10.21.86
88,Faythe,Bownd,fbownd2f@xinhuanet.com,Female,229.67.25.33
89,Carny,Allett,callett2g@aol.com,Male,114.11.204.215
90,Wait,Gannicleff,wgannicleff2h@opera.com,Genderfluid,250.20.230.5
91,Christel,Tatem,ctatem2i@npr.org,Female,66.7.57.236
92,Torey,Paulsen,tpaulsen2j@usnews.com,Female,193.13.52.173
93,Wallis,Korejs,wkorejs2k@tinypic.com,Female,207.11.125.136
94,Caryl,Bowick,cbowick2l@un.org,Non-binary,188.200.86.195
95,Daffi,Ormond,dormond2m@people.com.cn,Female,9.103.255.233
96,Fabien,Kreuzer,fkreuzer2n@trellian.com,Agender,218.241.170.189
97,Tonnie,Duffan,tduffan2o@tripadvisor.com,Male,180.147.138.65
98,Odelia,Chamberlin,ochamberlin2p@accuweather.com,Female,215.23.53.167
99,Jada,Cahn,jcahn2q@walmart.com,Female,79.77.233.207
100,Irma,Simper,isimper2r@ask.com,Female,77.106.18.136
101,Justis,Digle,jdigle2s@themeforest.net,Male,158.129.100.248
102,Kessiah,McMearty,kmcmearty2t@about.me,Female,247.46.157.139
103,Bernita,Blogg,bblogg2u@discovery.com,Female,10.235.83.59
104,Sioux,Goult,sgoult2v@alibaba.com,Female,134.27.195.107
105,Alf,Treuge,atreuge2w@joomla.org,Male,109.228.114.149
106,Petronia,Smissen,psmissen2x@google.com.hk,Female,15.17.113.145
107,Shay,Boggon,sboggon2y@ameblo.jp,Female,27.11.215.225
108,Roze,Kobera,rkobera2z@spiegel.de,Genderqueer,148.41.104.80
109,Deena,Gonnely,dgonnely30@yandex.ru,Female,210.210.67.4
110,Hertha,Bickle,hbickle31@dell.com,Female,39.13.205.21
111,Angel,Gisby,agisby32@liveinternet.ru,Female,72.157.30.124
112,Carlin,Curnucke,ccurnucke33@parallels.com,Male,29.109.7.243
113,Shelley,Mobbs,smobbs34@miibeian.gov.cn,Bigender,87.155.58.68
114,Georges,Benstead,gbenstead35@blogtalkradio.com,Male,168.190.128.171
115,Eda,Yurlov,eyurlov36@squarespace.com,Female,251.10.182.153
116,Valentia,Ogborn,vogborn37@harvard.edu,Female,121.202.66.10
117,Felicity,Forri,fforri38@nsw.gov.au,Genderfluid,202.166.159.54
118,Quintina,Oven,qoven39@multiply.com,Female,52.19.163.224
119,Chris,Devey,cdevey3a@purevolume.com,Female,199.63.44.123
120,August,Conaghy,aconaghy3b@exblog.jp,Male,184.103.52.169
121,Dylan,Hainey`,dhainey3c@mysql.com,Genderqueer,135.17.133.188
122,Kaine,Kipling,kkipling3d@furl.net,Genderfluid,201.75.228.79
123,Blancha,Fotheringham,bfotheringham3e@google.com.br,Female,29.124.112.140
124,Waldemar,Collip,wcollip3f@mediafire.com,Male,101.14.138.242
125,Owen,Sommerling,osommerling3g@google.ca,Male,62.18.203.170
126,Kyla,Laird,klaird3h@lycos.com,Female,171.196.9.112
127,Sayer,Archer,sarcher3i@123-reg.co.uk,Male,115.103.20.147
128,Sigfried,Crosskell,scrosskell3j@ameblo.jp,Male,225.46.148.139
129,Adelheid,Sawell,asawell3k@apple.com,Female,187.129.95.211
130,Trenna,Fell,tfell3l@pen.io,Polygender,207.35.1.213
131,Rodrick,Eagleton,reagleton3m@japanpost.jp,Polygender,197.60.251.233
132,Arnie,Newlands,anewlands3n@cornell.edu,Male,168.109.25.77
133,Elliot,Damiral,edamiral3o@bing.com,Male,148.233.248.127
134,Chrissie,Shergold,cshergold3p@wunderground.com,Male,222.224.242.128
135,Cyndia,Pie,cpie3q@aboutads.info,Polygender,226.35.181.24
136,Lynna,Asee,lasee3r@wsj.com,Female,7.113.50.113
137,Sunshine,Wiz,swiz3s@ehow.com,Female,22.89.118.243
138,Lydie,Bunt,lbunt3t@networksolutions.com,Female,162.69.184.85
139,Jemie,Breinl,jbreinl3u@ox.ac.uk,Female,151.211.36.226
140,Golda,Dudney,gdudney3v@lycos.com,Female,51.89.11.198
141,Libbie,Moutray Read,lmoutrayread3w@theguardian.com,Female,103.144.21.53
142,Alvin,Kellart,akellart3x@slashdot.org,Male,168.18.143.245
143,Cody,Margerrison,cmargerrison3y@parallels.com,Genderqueer,218.173.65.157
144,Nolie,McCormick,nmccormick3z@paginegialle.it,Female,29.23.191.146
145,Scott,Bulloch,sbulloch40@xrea.com,Male,61.104.239.92
146,D'arcy,Rohloff,drohloff41@sphinn.com,Male,226.4.172.51
147,Cos,Skeech,cskeech42@usgs.gov,Male,121.82.207.34
148,Webster,Causon,wcauson43@independent.co.uk,Male,219.25.209.235
149,Brittney,Livens,blivens44@sitemeter.com,Female,22.114.39.56
150,Royal,Petschel,rpetschel45@homestead.com,Male,12.207.88.50
151,Nye,Klempke,nklempke46@themeforest.net,Male,152.96.197.196
152,Aguste,McGrirl,amcgrirl47@unblog.fr,Male,24.195.136.94
153,Olga,Minster,ominster48@apache.org,Female,80.130.102.180
154,Benjamen,Edis,bedis49@indiegogo.com,Male,134.241.68.237
155,Diana,Casbourne,dcasbourne4a@123-reg.co.uk,Polygender,116.157.69.54
156,Leigha,Maulden,lmaulden4b@yelp.com,Genderqueer,230.167.42.48
157,Nicholas,Clogg,nclogg4c@nasa.gov,Male,181.210.218.243
158,Leann,Marshman,lmarshman4d@accuweather.com,Female,207.213.98.210
159,Gusella,Martinelli,gmartinelli4e@google.fr,Non-binary,244.70.225.203
160,Beauregard,Diehn,bdiehn4f@house.gov,Male,15.172.244.87
161,Caz,Biers,cbiers4g@ifeng.com,Male,25.240.227.190
162,Michaela,Hasely,mhasely4h@seattletimes.com,Female,29.5.219.161
163,Zaneta,Lytle,zlytle4i@technorati.com,Polygender,255.159.120.20
164,Faulkner,Deppen,fdeppen4j@europa.eu,Male,57.167.39.232
165,Elmo,Shury,eshury4k@nps.gov,Male,254.166.185.188
166,Caril,Cheves,ccheves4l@blogtalkradio.com,Female,51.94.185.167
167,Rodge,Bedminster,rbedminster4m@godaddy.com,Male,157.161.80.220
168,Danita,Bampforth,dbampforth4n@webmd.com,Female,100.151.95.212
169,Darb,Gerrels,dgerrels4o@amazon.co.jp,Female,234.152.149.57
170,Werner,Icke,wicke4p@hhs.gov,Male,127.151.205.209
171,Ferris,Jackalin,fjackalin4q@seesaa.net,Male,26.141.86.118
172,Brianne,Dmitriev,bdmitriev4r@hexun.com,Female,224.227.180.85
173,Camellia,Charnock,ccharnock4s@macromedia.com,Female,195.255.122.40
174,Ariel,Antonnikov,aantonnikov4t@amazonaws.com,Female,33.156.107.78
175,Devland,Searchfield,dsearchfield4u@accuweather.com,Polygender,238.123.219.200
176,Solomon,Rubenfeld,srubenfeld4v@issuu.com,Male,219.218.116.173
177,Ulric,Slaughter,uslaughter4w@tamu.edu,Male,187.187.47.129
178,Pearl,Gott,pgott4x@vimeo.com,Female,103.6.6.43
179,Robbyn,Boote,rboote4y@topsy.com,Female,150.230.28.195
180,Rennie,Eborn,reborn4z@xing.com,Female,242.218.246.225
181,Kinna,Loomis,kloomis50@upenn.edu,Female,26.114.193.194
182,Nerissa,Burgot,nburgot51@businesswire.com,Female,141.65.192.36
183,Kenyon,Vicar,kvicar52@booking.com,Male,124.201.198.25
184,Daisi,Romeril,dromeril53@cloudflare.com,Female,177.30.22.73
185,Cristabel,Volant,cvolant54@reddit.com,Female,240.71.51.50
186,Karlee,Duffrie,kduffrie55@zdnet.com,Female,60.237.207.184
187,Spense,Rickaby,srickaby56@phoca.cz,Male,11.116.214.32
188,Ag,Pollastro,apollastro57@diigo.com,Female,89.150.227.126
189,Kienan,Rosenbush,krosenbush58@columbia.edu,Male,110.189.203.97
190,Elena,Lander,elander59@biglobe.ne.jp,Genderfluid,136.124.36.61
191,Haily,Jenks,hjenks5a@princeton.edu,Female,98.187.91.196
192,Herby,Schlag,hschlag5b@angelfire.com,Male,151.93.240.52
193,Thorvald,Wedgbrow,twedgbrow5c@webnode.com,Genderqueer,101.98.166.106
194,Tammy,Cowern,tcowern5d@is.gd,Male,92.238.117.174
195,Juanita,Riby,jriby5e@t.co,Female,97.58.7.238
196,Derry,Paddington,dpaddington5f@narod.ru,Genderfluid,233.208.191.200
197,Thomasine,Henricsson,thenricsson5g@hibu.com,Female,30.141.158.241
198,Geoffry,Renfield,grenfield5h@moonfruit.com,Male,187.54.18.78
199,Leonie,Iacofo,liacofo5i@youtube.com,Female,50.45.226.115
200,Emerson,Snook,esnook5j@multiply.com,Male,42.87.185.72
201,Chauncey,Tortoise,ctortoise5k@infoseek.co.jp,Agender,155.133.93.161
202,Brandi,Hannaford,bhannaford5l@chicagotribune.com,Female,167.201.246.227
203,Regina,Theyer,rtheyer5m@msn.com,Female,163.190.190.215
204,Wat,Gantlett,wgantlett5n@noaa.gov,Male,149.28.152.68
205,Emilee,Theobald,etheobald5o@businesswire.com,Female,105.174.234.5
206,Gauthier,Siggery,gsiggery5p@mediafire.com,Male,64.27.9.138
207,Fonzie,Girling,fgirling5q@psu.edu,Male,230.203.250.153
208,Gabrielle,Carl,gcarl5r@creativecommons.org,Female,102.11.33.126
209,Jenica,Berthomier,jberthomier5s@geocities.jp,Female,127.216.6.117
210,Cara,Sailor,csailor5t@posterous.com,Female,250.133.48.245
211,Dana,Hellis,dhellis5u@dropbox.com,Female,195.85.81.160
212,Morrie,Hansana,mhansana5v@google.com.au,Male,173.27.225.190
213,Umberto,Strangeways,ustrangeways5w@shareasale.com,Male,247.57.55.236
214,Boone,Stratiff,bstratiff5x@photobucket.com,Male,229.92.244.49
215,Kelcy,Bratley,kbratley5y@samsung.com,Female,33.169.164.84
216,Jourdan,Pietruszka,jpietruszka5z@topsy.com,Genderqueer,64.122.193.233
217,Kyle,Vila,kvila60@arstechnica.com,Female,192.67.189.202
218,Hurley,Player,hplayer61@artisteer.com,Male,176.206.47.84
219,Cammy,Gibbeson,cgibbeson62@whitehouse.gov,Agender,156.39.146.98
220,Vladamir,Spowart,vspowart63@privacy.gov.au,Male,211.208.152.237
221,Amery,Davidove,adavidove64@buzzfeed.com,Male,28.77.243.206
222,Ward,Kubasek,wkubasek65@taobao.com,Male,85.129.191.10
223,Robbyn,Blount,rblount66@paypal.com,Female,152.25.88.191
224,Cullie,Kepling,ckepling67@dyndns.org,Male,150.102.220.226
225,Prissie,Elman,pelman68@tmall.com,Female,109.153.183.36
226,Aubrie,Grinley,agrinley69@elegantthemes.com,Female,28.8.232.218
227,Suzann,Sewter,ssewter6a@ow.ly,Female,178.196.0.120
228,Tim,Lowle,tlowle6b@topsy.com,Male,113.185.29.70
229,Vicki,Gully,vgully6c@cocolog-nifty.com,Female,4.194.201.57
230,Taddeusz,Mintram,tmintram6d@ustream.tv,Male,129.38.201.100
231,Shelli,Tomczak,stomczak6e@diigo.com,Female,96.215.22.11
232,Vitia,Balchin,vbalchin6f@mac.com,Genderqueer,145.158.186.238
233,Moses,Slamaker,mslamaker6g@tinypic.com,Male,11.225.33.56
234,Trisha,Ornells,tornells6h@nps.gov,Female,110.195.234.108
235,Evyn,Prosh,eprosh6i@scientificamerican.com,Male,184.82.38.130
236,Timmy,Skotcher,tskotcher6j@alibaba.com,Female,122.209.213.23
237,Randolph,Keary,rkeary6k@rambler.ru,Male,39.30.93.204
238,Margit,Cheers,mcheers6l@weibo.com,Female,252.231.56.40
239,Neill,Deakan,ndeakan6m@paypal.com,Male,245.118.146.195
240,Brnaby,Coller,bcoller6n@jimdo.com,Male,209.198.116.182
241,Merci,Prisley,mprisley6o@examiner.com,Female,55.188.198.25
242,Harriett,Nowell,hnowell6p@archive.org,Female,65.29.165.158
243,Gwenore,Wattam,gwattam6q@domainmarket.com,Female,183.59.222.42
244,Alia,Lindup,alindup6r@wikia.com,Female,16.163.204.78
245,Antone,Ilyushkin,ailyushkin6s@123-reg.co.uk,Male,244.213.103.110
246,Creigh,Thunnerclef,cthunnerclef6t@theatlantic.com,Male,66.133.204.200
247,Nobie,Boullen,nboullen6u@1688.com,Male,178.192.226.251
248,Gerard,Pordal,gpordal6v@wordpress.org,Male,150.64.38.222
249,Eleen,Redmile,eredmile6w@cpanel.net,Female,120.33.239.219
250,Tresa,Pischel,tpischel6x@geocities.jp,Female,171.164.10.162
251,Hanan,Gudyer,hgudyer6y@acquirethisname.com,Male,89.241.166.58
252,Cheston,Albarez,calbarez6z@fastcompany.com,Male,23.165.35.89
253,Hersch,Corroyer,hcorroyer70@behance.net,Male,158.104.97.48
254,Cole,Ricards,cricards71@mit.edu,Male,172.144.185.179
255,Cordell,Ashburner,cashburner72@shutterfly.com,Male,150.87.165.187
256,Baldwin,Breche,bbreche73@vk.com,Male,154.138.227.223
257,Artemis,Gorini,agorini74@people.com.cn,Male,199.31.15.43
258,Worth,Aloshkin,waloshkin75@epa.gov,Male,110.143.133.139
259,Tamarah,O' Mahony,tomahony76@tumblr.com,Female,218.200.8.197
260,Nettie,Woodthorpe,nwoodthorpe77@com.com,Genderqueer,210.99.107.103
261,Pryce,Lorriman,plorriman78@ask.com,Male,85.193.196.167
262,Adorne,Soff,asoff79@independent.co.uk,Female,236.121.15.50
263,Cal,Snelman,csnelman7a@unicef.org,Genderfluid,125.12.51.79
264,Kylie,Meineken,kmeineken7b@archive.org,Female,73.109.185.111
265,Mae,Grimwade,mgrimwade7c@dagondesign.com,Female,247.218.135.53
266,Horacio,Gomes,hgomes7d@t-online.de,Male,118.85.119.94
267,Leif,Randell,lrandell7e@yandex.ru,Male,193.143.53.116
268,Lacey,Capner,lcapner7f@shareasale.com,Female,72.230.227.130
269,Miles,Orhtmann,morhtmann7g@facebook.com,Male,188.7.50.162
270,Reeva,Liger,rliger7h@wix.com,Female,181.91.30.206
271,Elmira,Petris,epetris7i@163.com,Female,69.95.160.174
272,Roxanne,Pegden,rpegden7j@aol.com,Female,199.208.130.156
273,Deana,Padley,dpadley7k@ucsd.edu,Female,118.248.134.139
274,Winnifred,Hovenden,whovenden7l@engadget.com,Female,35.118.99.205
275,Toby,McKerlie,tmckerlie7m@imageshack.us,Female,57.44.37.16
276,Clemmie,Kebbell,ckebbell7n@globo.com,Male,99.49.21.146
277,Wendeline,Libbie,wlibbie7o@sphinn.com,Non-binary,92.69.109.195
278,Cele,Liptrod,cliptrod7p@goodreads.com,Female,94.132.28.159
279,Norri,Graalmans,ngraalmans7q@blogs.com,Female,60.184.233.37
280,Clio,Northill,cnorthill7r@bluehost.com,Female,168.55.23.102
281,Vicki,Cutford,vcutford7s@webeden.co.uk,Female,235.76.164.209
282,Wendall,Hancill,whancill7t@epa.gov,Male,113.20.228.67
283,Dorian,Ferrillo,dferrillo7u@is.gd,Male,15.177.41.219
284,Lela,Milmo,lmilmo7v@angelfire.com,Female,30.42.180.38
285,Adair,Checklin,achecklin7w@japanpost.jp,Male,161.187.214.244
286,Rogers,Feasby,rfeasby7x@boston.com,Male,92.105.25.64
287,Jaimie,Roofe,jroofe7y@moonfruit.com,Male,215.11.247.109
288,Dwain,Matteo,dmatteo7z@163.com,Male,209.163.101.236
289,Dennison,Osant,dosant80@slideshare.net,Male,76.97.77.124
290,Filbert,Rominov,frominov81@i2i.jp,Male,68.144.4.126
291,Evelina,Maior,emaior82@lycos.com,Female,171.236.30.83
292,Erl,Langabeer,elangabeer83@chronoengine.com,Agender,195.135.53.166
293,Dorotea,Dorricott,ddorricott84@sun.com,Female,38.205.89.44
294,Staffard,Rimer,srimer85@dyndns.org,Male,178.37.25.138
295,Betsy,Hakes,bhakes86@histats.com,Female,46.239.148.243
296,Sharity,McAless,smcaless87@geocities.com,Female,235.235.172.51
297,Laurie,Rubel,lrubel88@va.gov,Male,35.194.9.59
298,Bamby,Fleischer,bfleischer89@wisc.edu,Female,26.78.125.220
299,Jarid,Fost,jfost8a@gov.uk,Male,100.42.103.71
300,Bonnibelle,Drinkale,bdrinkale8b@sina.com.cn,Female,21.52.117.96
301,Annemarie,Common,acommon8c@examiner.com,Female,151.181.70.235
302,Aubrette,Attryde,aattryde8d@purevolume.com,Female,209.227.142.81
303,Rozele,Di Franceschi,rdifranceschi8e@fastcompany.com,Female,137.79.206.99
304,Frederich,Hunting,fhunting8f@drupal.org,Male,5.174.88.112
305,Edwina,Tenniswood,etenniswood8g@disqus.com,Female,231.55.2.141
306,Mollee,Sturley,msturley8h@microsoft.com,Female,164.30.201.125
307,Barnebas,Godbald,bgodbald8i@eventbrite.com,Male,108.129.151.59
308,Prentiss,Theml,ptheml8j@nba.com,Male,137.99.160.9
309,Georgiana,Le Lievre,glelievre8k@abc.net.au,Female,55.56.165.220
310,Del,Thurborn,dthurborn8l@geocities.jp,Female,181.148.23.209
311,Leah,Lavrinov,llavrinov8m@netscape.com,Female,136.211.243.91
312,Dniren,Arenson,darenson8n@blogger.com,Female,185.133.177.188
313,Vita,Phillcox,vphillcox8o@technorati.com,Female,51.229.183.195
314,Carlin,Lamas,clamas8p@jimdo.com,Female,36.169.76.164
315,Juanita,Brodeur,jbrodeur8q@ovh.net,Female,75.7.172.66
316,Verile,MacCaull,vmaccaull8r@dot.gov,Female,76.88.36.131
317,Gae,Organ,gorgan8s@jalbum.net,Non-binary,217.0.199.209
318,Olly,Knowlden,oknowlden8t@auda.org.au,Female,196.30.155.184
319,Joceline,Tunnock,jtunnock8u@myspace.com,Female,224.162.159.217
320,Murielle,Stoop,mstoop8v@sbwire.com,Genderfluid,12.160.169.185
321,Ermanno,MacCoughan,emaccoughan8w@photobucket.com,Male,101.137.210.218
322,Valentino,Kloster,vkloster8x@wired.com,Male,218.107.57.87
323,Rickey,Moat,rmoat8y@omniture.com,Male,240.109.79.194
324,Shayna,Strelitz,sstrelitz8z@ebay.co.uk,Female,199.7.139.11
325,Harcourt,Ekless,hekless90@netlog.com,Agender,122.183.197.190
326,Rana,Maydwell,rmaydwell91@chron.com,Female,201.1.159.141
327,Krystyna,Padmore,kpadmore92@hostgator.com,Female,197.72.39.193
328,Zea,Binning,zbinning93@sbwire.com,Female,242.155.76.59
329,Carrie,Montier,cmontier94@cornell.edu,Female,106.152.33.197
330,Abbey,Tweedie,atweedie95@google.com.hk,Female,54.151.135.110
331,Moore,Carradice,mcarradice96@jimdo.com,Male,87.134.20.125
332,Neil,Ruddlesden,nruddlesden97@jalbum.net,Male,44.15.241.117
333,Cristiano,Persent,cpersent98@wunderground.com,Male,174.40.185.107
334,Felicdad,McGucken,fmcgucken99@discuz.net,Female,17.97.142.62
335,Edouard,Ledwidge,eledwidge9a@un.org,Male,135.125.158.234
336,Jorgan,Pratt,jpratt9b@prweb.com,Male,0.140.45.99
337,Abramo,Vasiliev,avasiliev9c@goo.gl,Male,158.144.144.167
338,Cointon,Pyke,cpyke9d@bigcartel.com,Male,17.235.246.195
339,Derron,Rolin,drolin9e@intel.com,Male,218.137.160.208
340,Lanette,Tremellier,ltremellier9f@msn.com,Female,108.38.123.254
341,Lilly,Murrish,lmurrish9g@hatena.ne.jp,Female,189.209.184.110
342,Tracy,Peterffy,tpeterffy9h@surveymonkey.com,Male,167.70.94.17
343,Falito,Carous,fcarous9i@ovh.net,Male,168.236.117.206
344,Neils,Ziemke,nziemke9j@cargocollective.com,Male,45.233.197.48
345,Iorgos,Austwick,iaustwick9k@spotify.com,Male,55.183.240.1
346,Gypsy,Hazlehurst,ghazlehurst9l@ed.gov,Female,112.15.26.102
347,Lia,Poundesford,lpoundesford9m@pcworld.com,Female,18.35.16.87
348,Kent,Shrieves,kshrieves9n@wikispaces.com,Male,206.71.149.27
349,Maddy,Sindell,msindell9o@blog.com,Genderfluid,34.73.205.91
350,Ashleigh,Greson,agreson9p@tinypic.com,Genderqueer,157.9.82.59
351,Barbi,Cruse,bcruse9q@ucla.edu,Female,136.230.69.229
352,Susanna,Luc,sluc9r@creativecommons.org,Female,46.25.130.77
353,Finn,Heeks,fheeks9s@foxnews.com,Non-binary,138.173.65.244
354,Faun,Antunes,fantunes9t@house.gov,Female,59.176.56.174
355,Marthe,Chasier,mchasier9u@t.co,Female,233.111.48.191
356,Salvador,Kenion,skenion9v@google.com,Male,216.243.56.52
357,Mace,Saines,msaines9w@qq.com,Male,156.203.245.168
358,Care,Pettersen,cpettersen9x@utexas.edu,Male,135.36.168.227
359,Leda,Taw,ltaw9y@360.cn,Female,225.67.144.3
360,Coleman,Harbidge,charbidge9z@canalblog.com,Male,134.154.103.40
361,Jacquelin,Borer,jborera0@360.cn,Female,82.37.78.245
362,Waiter,Keggins,wkegginsa1@g.co,Male,230.32.149.169
363,Casey,Cornes,ccornesa2@howstuffworks.com,Male,250.209.209.29
364,Tann,Eates,teatesa3@cargocollective.com,Male,85.86.51.219
365,Joaquin,Bucktrout,jbucktrouta4@soup.io,Male,77.211.52.179
366,Sandie,Morris,smorrisa5@squarespace.com,Female,210.89.34.32
367,Werner,Aronstam,waronstama6@google.fr,Male,208.3.161.170
368,Ivy,Kilgour,ikilgoura7@w3.org,Agender,254.13.107.44
369,Gail,Sicha,gsichaa8@bbb.org,Male,132.170.197.137
370,Allegra,Blondel,ablondela9@unesco.org,Female,152.50.43.109
371,Clio,Eve,ceveaa@dell.com,Female,157.255.202.77
372,Martin,Chesterfield,mchesterfieldab@geocities.com,Male,232.250.157.29
373,Shelby,Butte,sbutteac@cam.ac.uk,Male,180.194.161.129
374,Clarence,Gallaher,cgallaherad@icio.us,Male,68.47.184.104
375,Thorndike,Matchett,tmatchettae@time.com,Male,65.42.1.166
376,Caron,Sneaker,csneakeraf@spiegel.de,Female,225.197.208.150
377,Yoshi,Kellett,ykellettag@nydailynews.com,Female,172.189.153.228
378,Faina,Syrad,fsyradah@surveymonkey.com,Female,53.152.95.26
379,Cassy,Marre,cmarreai@barnesandnoble.com,Female,221.241.5.237
380,Demetre,Ferrettini,dferrettiniaj@unesco.org,Male,179.65.242.57
381,Agace,Paoletto,apaolettoak@nih.gov,Female,166.183.168.224
382,Javier,Blissett,jblissettal@samsung.com,Male,204.252.252.63
383,Kris,Scriviner,kscrivineram@mashable.com,Female,154.230.136.178
384,Nicoli,Danigel,ndanigelan@a8.net,Female,31.112.247.61
385,Tabatha,Kezor,tkezorao@cbslocal.com,Female,28.83.188.137
386,Bart,Cockman,bcockmanap@mayoclinic.com,Male,173.203.85.69
387,Colan,Keel,ckeelaq@webeden.co.uk,Male,11.203.218.236
388,Worth,Mayhow,wmayhowar@washingtonpost.com,Male,144.75.0.129
389,Lenci,Andrez,landrezas@wp.com,Male,216.146.212.110
390,Kaela,Patton,kpattonat@microsoft.com,Female,106.0.95.132
391,Shayne,Clemmensen,sclemmensenau@china.com.cn,Male,59.126.244.6
392,Ruddy,Wardlow,rwardlowav@cocolog-nifty.com,Male,14.151.162.75
393,Linzy,Copestick,lcopestickaw@bbc.co.uk,Female,159.232.184.63
394,Kaleb,Pimm,kpimmax@last.fm,Male,129.207.19.32
395,Emerson,Chappel,echappelay@goo.ne.jp,Male,1.201.156.185
396,Janina,Gabbitis,jgabbitisaz@lulu.com,Female,63.88.223.13
397,Walliw,Ivanyutin,wivanyutinb0@icio.us,Female,249.44.98.224
398,Margi,Amdohr,mamdohrb1@networksolutions.com,Female,116.123.130.207
399,Seline,Saville,ssavilleb2@1688.com,Female,42.179.65.80
400,Gwenny,Sambles,gsamblesb3@scribd.com,Female,252.187.130.68
401,Kennith,Booley,kbooleyb4@alibaba.com,Agender,196.2.25.103
402,Layney,Wedon,lwedonb5@gmpg.org,Female,249.145.137.27
403,Dode,Duesberry,dduesberryb6@ovh.net,Female,161.200.99.179
404,Diena,Bendelow,dbendelowb7@imageshack.us,Female,42.75.93.17
405,Roselin,Sang,rsangb8@yandex.ru,Female,35.137.252.223
406,Nanice,Deery,ndeeryb9@multiply.com,Female,80.88.27.91
407,Wiatt,Wyleman,wwylemanba@zdnet.com,Male,252.43.133.240
408,Meara,Letts,mlettsbb@usa.gov,Female,31.181.2.225
409,Prentice,Claringbold,pclaringboldbc@cam.ac.uk,Male,194.238.12.142
410,Robin,Ravenscraft,rravenscraftbd@rambler.ru,Male,43.158.188.199
411,Shirley,Severn,ssevernbe@nytimes.com,Female,23.177.30.68
412,Shaylyn,Shoreman,sshoremanbf@youtu.be,Female,233.73.144.44
413,Bette,Frostdicke,bfrostdickebg@blogs.com,Female,15.23.220.208
414,Brien,Costell,bcostellbh@ask.com,Male,90.173.48.31
415,Kata,Axtell,kaxtellbi@soundcloud.com,Female,206.181.161.82
416,Hazel,O'Heagertie,hoheagertiebj@cornell.edu,Female,234.174.250.96
417,Marv,Blanpein,mblanpeinbk@xrea.com,Male,157.242.254.113
418,Berte,Yackiminie,byackiminiebl@freewebs.com,Genderqueer,127.127.222.214
419,Marillin,Quadling,mquadlingbm@youtube.com,Female,178.183.78.104
420,Gerry,Yegorov,gyegorovbn@ca.gov,Male,208.170.78.142
421,Jephthah,Children,jchildrenbo@php.net,Male,61.132.2.239
422,Lionello,Chawkley,lchawkleybp@wp.com,Male,144.53.190.101
423,Winthrop,Pimbley,wpimbleybq@aol.com,Male,249.156.119.167
424,Johannah,Bleier,jbleierbr@aboutads.info,Female,170.32.120.197
425,Hastie,Gillatt,hgillattbs@weather.com,Male,4.28.57.189
426,Isidore,Velez,ivelezbt@engadget.com,Male,64.0.80.22
427,Valenka,McCaughan,vmccaughanbu@google.cn,Female,146.186.204.25
428,Veronique,Glaister,vglaisterbv@a8.net,Agender,188.0.225.242
429,Peggie,Ashbee,pashbeebw@independent.co.uk,Female,7.176.230.46
430,Rod,Garford,rgarfordbx@house.gov,Male,231.160.7.97
431,Nickie,Gallant,ngallantby@prlog.org,Male,27.170.18.119
432,Danya,Willbond,dwillbondbz@narod.ru,Female,228.219.176.206
433,Amata,Nare,anarec0@china.com.cn,Female,70.157.12.148
434,Kiri,Wimmers,kwimmersc1@ning.com,Female,157.42.145.253
435,Jarred,Killingbeck,jkillingbeckc2@techcrunch.com,Male,40.129.226.224
436,Inigo,Bruyett,ibruyettc3@etsy.com,Male,196.85.113.57
437,Micky,Abramson,mabramsonc4@squidoo.com,Male,200.211.123.51
438,Roselle,Fellnee,rfellneec5@latimes.com,Female,16.42.251.8
439,Bar,Havard,bhavardc6@cam.ac.uk,Male,198.22.189.13
440,Rurik,Casemore,rcasemorec7@ustream.tv,Male,135.169.243.217
441,Valentine,Splevings,vsplevingsc8@over-blog.com,Male,135.231.58.254
442,Albertine,Jemmett,ajemmettc9@live.com,Female,129.59.78.52
443,Fee,Rzehor,frzehorca@cmu.edu,Male,54.193.94.218
444,Felike,Louth,flouthcb@state.tx.us,Male,221.34.138.202
445,Brendan,Driscoll,bdriscollcc@w3.org,Male,59.32.129.65
446,Yolanda,Rappport,yrappportcd@gizmodo.com,Female,209.9.47.122
447,Cash,Shah,cshahce@github.io,Male,129.83.4.154
448,Cos,Duberry,cduberrycf@mapquest.com,Male,196.124.220.162
449,Robers,Hallihane,rhallihanecg@posterous.com,Male,130.104.77.26
450,Darelle,Crolla,dcrollach@pbs.org,Female,81.67.207.91
451,Clare,Goford,cgofordci@ucoz.ru,Male,227.230.110.101
452,Menard,Servant,mservantcj@businesswire.com,Male,121.50.128.130
453,Nanete,Grevile,ngrevileck@scientificamerican.com,Female,4.114.100.170
454,Angele,Elders,aelderscl@vistaprint.com,Female,17.99.247.219
455,Timothy,Keasy,tkeasycm@aol.com,Male,88.177.169.218
456,Elana,Myles,emylescn@lycos.com,Female,76.95.239.224
457,Jeno,Tunnadine,jtunnadineco@booking.com,Male,122.58.120.193
458,Jacquenette,Zanini,jzaninicp@boston.com,Female,197.206.33.206
459,Rodina,Onele,ronelecq@earthlink.net,Female,110.59.245.87
460,Brendon,Johanning,bjohanningcr@technorati.com,Male,121.87.69.29
461,Carolee,Charette,ccharettecs@marketwatch.com,Female,79.55.251.201
462,Theresita,Klainman,tklainmanct@sbwire.com,Female,91.177.198.133
463,Dunn,Hilhouse,dhilhousecu@samsung.com,Male,33.210.185.5
464,Ezri,Krzyzowski,ekrzyzowskicv@booking.com,Non-binary,174.213.203.143
465,Kimball,Djurdjevic,kdjurdjeviccw@plala.or.jp,Male,44.129.219.158
466,Caressa,Seward,csewardcx@meetup.com,Genderfluid,106.2.74.164
467,Atlanta,Kuhnel,akuhnelcy@amazon.de,Female,97.31.4.1
468,Jobey,Huntly,jhuntlycz@pen.io,Female,136.218.65.130
469,Kipp,Bohike,kbohiked0@phoca.cz,Male,191.23.254.97
470,Bel,Philot,bphilotd1@google.com.br,Female,117.182.11.90
471,Ronni,McDool,rmcdoold2@google.ca,Female,103.5.100.238
472,Hort,Shailer,hshailerd3@whitehouse.gov,Male,214.8.110.185
473,Stavros,Blockey,sblockeyd4@addthis.com,Male,137.204.15.33
474,Antons,Reis,areisd5@archive.org,Male,193.188.187.192
475,Marlin,Skyrm,mskyrmd6@hao123.com,Male,42.174.46.227
476,Cassius,Simunek,csimunekd7@springer.com,Male,31.163.182.214
477,Arabel,Paoloni,apaolonid8@icio.us,Bigender,183.58.23.223
478,Brian,Haselwood,bhaselwoodd9@friendfeed.com,Male,228.11.141.102
479,Lance,Aujean,laujeanda@bloomberg.com,Male,251.38.106.193
480,Andromache,Haxley,ahaxleydb@over-blog.com,Female,159.135.112.11
481,Isidro,O'Kelly,iokellydc@nhs.uk,Male,4.33.45.38
482,Paule,McAvey,pmcaveydd@unblog.fr,Female,218.69.124.253
483,Lexie,Wemm,lwemmde@issuu.com,Female,154.231.69.6
484,Thekla,Schutte,tschuttedf@wordpress.org,Female,162.109.153.42
485,Fancie,Sutliff,fsutliffdg@aboutads.info,Genderqueer,117.119.158.197
486,Loraine,Badham,lbadhamdh@1688.com,Female,230.160.126.191
487,Byron,Moreland,bmorelanddi@fema.gov,Male,145.252.92.51
488,Gaspar,Merrgan,gmerrgandj@phpbb.com,Male,202.250.74.243
489,Kerianne,Ivashechkin,kivashechkindk@redcross.org,Female,62.243.248.40
490,Angela,Rainforth,arainforthdl@cloudflare.com,Female,49.98.198.200
491,Hershel,Wardell,hwardelldm@dedecms.com,Male,78.98.204.80
492,Dory,Browse,dbrowsedn@tmall.com,Male,28.69.165.157
493,Rolland,Ashbe,rashbedo@tripadvisor.com,Male,147.184.58.36
494,Zaneta,Maddin,zmaddindp@devhub.com,Female,205.158.130.39
495,Jasmina,Grain,jgraindq@ehow.com,Female,90.101.153.128
496,Halie,Roll,hrolldr@webeden.co.uk,Female,38.7.151.158
497,Tedd,Douce,tdouceds@wired.com,Male,96.56.114.126
498,Hirsch,Obington,hobingtondt@tinypic.com,Male,121.22.48.34
499,Georgie,Joselevitz,gjoselevitzdu@ehow.com,Female,59.167.212.213
500,Amalita,Ruppeli,aruppelidv@nytimes.com,Female,128.1.229.214
501,Vick,Roger,vrogerdw@edublogs.org,Male,114.197.201.178
502,Taryn,Beadel,tbeadeldx@cafepress.com,Female,180.121.82.129
503,Kessiah,Bosnell,kbosnelldy@netvibes.com,Female,78.76.199.119
504,Ossie,Darlow,odarlowdz@cocolog-nifty.com,Agender,25.147.252.80
505,Tammi,Danieli,tdanielie0@flavors.me,Polygender,208.18.208.116
506,Adoree,Spieght,aspieghte1@hostgator.com,Female,244.145.41.99
507,Alistair,Delion,adelione2@about.com,Male,230.50.206.130
508,Jeanine,Hartfleet,jhartfleete3@fastcompany.com,Non-binary,177.102.3.93
509,Laurens,Baynam,lbayname4@unblog.fr,Male,8.36.1.162
510,Carlie,Epperson,ceppersone5@biglobe.ne.jp,Female,169.181.243.89
511,Ave,McKnish,amcknishe6@shop-pro.jp,Male,111.1.159.73
512,Juliet,Corzon,jcorzone7@mozilla.org,Female,81.62.143.221
513,Tawnya,Gradwell,tgradwelle8@google.co.uk,Female,31.215.100.159
514,Nathanael,McCarter,nmccartere9@statcounter.com,Genderqueer,141.105.9.29
515,Kay,Wodeland,kwodelandea@cam.ac.uk,Female,76.161.59.246
516,Baillie,Muller,bmullereb@cbsnews.com,Male,17.132.189.128
517,Rebeka,Halton,rhaltonec@apache.org,Female,19.7.216.24
518,Crissie,Woodgate,cwoodgateed@photobucket.com,Female,103.60.70.49
519,Zebulon,Ingley,zingleyee@microsoft.com,Male,25.110.157.206
520,Thadeus,Gunda,tgundaef@telegraph.co.uk,Male,73.206.80.11
521,Chloris,Guy,cguyeg@addtoany.com,Female,117.149.19.116
522,Rockwell,Barczewski,rbarczewskieh@photobucket.com,Male,86.159.239.102
523,Alberta,Casajuana,acasajuanaei@ucla.edu,Female,90.205.181.53
524,Travers,Moncaster,tmoncasterej@mapy.cz,Male,191.87.119.227
525,Debbi,Byrch,dbyrchek@tinyurl.com,Female,146.86.203.86
526,Kevina,Ryam,kryamel@creativecommons.org,Female,252.45.6.11
527,Lolly,Aindrais,laindraisem@goo.ne.jp,Female,228.134.81.225
528,Karie,MacCafferty,kmaccaffertyen@walmart.com,Female,210.244.113.144
529,Jourdain,McCullum,jmccullumeo@ihg.com,Male,87.10.61.40
530,Tamqrah,Gallehawk,tgallehawkep@stanford.edu,Female,97.219.140.82
531,Tate,Pettyfer,tpettyfereq@infoseek.co.jp,Female,44.165.39.20
532,Cheston,Boddam,cboddamer@cnet.com,Male,172.66.81.3
533,Kris,Smellie,ksmelliees@utexas.edu,Male,145.85.32.136
534,Anissa,Couser,acouseret@linkedin.com,Genderfluid,104.242.158.80
535,Myrtia,Wynrehame,mwynrehameeu@google.it,Female,3.198.13.126
536,Roby,Hebborne,rhebborneev@samsung.com,Female,153.234.50.140
537,Cecilla,Hacquel,chacquelew@economist.com,Female,140.90.196.20
538,Hadleigh,McKennan,hmckennanex@nsw.gov.au,Male,81.142.124.34
539,Wilden,Wasling,wwaslingey@hp.com,Polygender,94.208.232.221
540,Locke,Heinel,lheinelez@xinhuanet.com,Bigender,166.27.232.54
541,Franklyn,Botte,fbottef0@home.pl,Male,16.61.210.163
542,Fraser,Gentry,fgentryf1@theguardian.com,Male,150.248.98.153
543,Wells,Degli Abbati,wdegliabbatif2@skyrock.com,Male,138.146.104.223
544,Baxter,Crake,bcrakef3@github.com,Male,21.37.46.156
545,Ogden,Rigge,origgef4@miitbeian.gov.cn,Male,115.59.93.52
546,Krissy,Otton,kottonf5@yolasite.com,Female,204.13.135.55
547,Lombard,Geraudy,lgeraudyf6@pbs.org,Male,212.168.48.108
548,Nessie,Gorrie,ngorrief7@berkeley.edu,Female,212.73.162.1
549,Iain,Hinder,ihinderf8@hud.gov,Male,110.47.233.65
550,Olvan,Shimmings,oshimmingsf9@chron.com,Male,48.167.31.52
551,Gabriele,Gres,ggresfa@yandex.ru,Male,191.106.49.64
552,Kevin,Scates,kscatesfb@bloglines.com,Male,158.185.248.35
553,Deni,Shergill,dshergillfc@samsung.com,Female,170.110.127.135
554,Davidde,Yezafovich,dyezafovichfd@cbsnews.com,Male,180.62.26.71
555,Everard,McDonald,emcdonaldfe@techcrunch.com,Male,79.177.152.136
556,Maura,Nitti,mnittiff@fda.gov,Female,49.191.77.67
557,Hubey,Doddemeede,hdoddemeedefg@hugedomains.com,Non-binary,180.79.237.81
558,Austina,Tenwick,atenwickfh@army.mil,Female,5.144.182.226
559,Pauly,Stedman,pstedmanfi@stanford.edu,Male,187.79.98.93
560,Olly,Le Blanc,oleblancfj@w3.org,Male,66.128.200.72
561,Patsy,McKnish,pmcknishfk@blinklist.com,Female,131.244.58.147
562,Gustavo,Lindro,glindrofl@tripod.com,Male,211.197.69.1
563,Wakefield,Birkenshaw,wbirkenshawfm@hugedomains.com,Male,71.191.52.19
564,Sonny,Basnett,sbasnettfn@photobucket.com,Male,95.14.170.201
565,Chauncey,Gravell,cgravellfo@craigslist.org,Male,6.82.27.83
566,Lance,Sulter,lsulterfp@cafepress.com,Male,142.120.144.176
567,Jodi,Sinton,jsintonfq@accuweather.com,Male,83.158.111.233
568,Rosalyn,Gorton,rgortonfr@mit.edu,Female,38.180.149.19
569,Corina,Fernanando,cfernanandofs@clickbank.net,Female,235.233.111.153
570,Katuscha,Acheson,kachesonft@examiner.com,Female,83.222.52.31
571,Aguistin,Fabler,afablerfu@spiegel.de,Male,144.41.81.92
572,Niko,Speedin,nspeedinfv@ow.ly,Male,117.167.118.2
573,Gregorio,Bambury,gbamburyfw@unicef.org,Male,101.50.33.235
574,Legra,Basilio,lbasiliofx@last.fm,Female,230.187.250.6
575,Tuck,Twentyman,ttwentymanfy@oaic.gov.au,Male,239.101.65.26
576,Kirbee,Kurtis,kkurtisfz@about.com,Female,249.127.232.215
577,Ado,Goschalk,agoschalkg0@vistaprint.com,Male,232.82.203.90
578,Conrade,Nazair,cnazairg1@com.com,Male,193.177.240.92
579,Franky,O Mullen,fomulleng2@google.it,Male,68.24.179.118
580,Gisella,Whyman,gwhymang3@blinklist.com,Female,172.78.9.28
581,Heall,Heine,hheineg4@ehow.com,Agender,59.119.214.70
582,Alberto,Klimas,aklimasg5@timesonline.co.uk,Male,54.46.183.83
583,Ofelia,Gribbon,ogribbong6@trellian.com,Female,146.185.139.142
584,Lorelle,Iacovini,liacovinig7@t.co,Female,189.69.97.5
585,Pebrook,Bazoge,pbazogeg8@sina.com.cn,Male,75.107.221.227
586,Marvin,Newvell,mnewvellg9@shinystat.com,Male,211.28.4.28
587,Elroy,Pengelly,epengellyga@blog.com,Male,175.53.30.245
588,Ewan,Uglow,euglowgb@wix.com,Male,121.184.207.73
589,Angelico,Mariet,amarietgc@squarespace.com,Male,59.161.247.189
590,Lemmy,Fayers,lfayersgd@gmpg.org,Male,231.176.239.60
591,Suzanna,Garfoot,sgarfootge@google.ru,Female,239.72.39.21
592,Bab,Larchiere,blarchieregf@globo.com,Polygender,11.187.2.39
593,Heloise,Killiam,hkilliamgg@theatlantic.com,Female,105.60.239.187
594,Paige,Brodest,pbrodestgh@cyberchimps.com,Female,212.191.93.154
595,Gregor,Keble,gkeblegi@scribd.com,Male,138.76.246.72
596,Teodoor,Linggood,tlinggoodgj@constantcontact.com,Male,247.198.165.193
597,Sydney,Vaisey,svaiseygk@squarespace.com,Non-binary,123.142.156.109
598,Trumann,Kerner,tkernergl@domainmarket.com,Male,233.228.88.15
599,Jamie,McCluney,jmccluneygm@vistaprint.com,Female,55.186.174.151
600,Kayne,Dyball,kdyballgn@wikipedia.org,Male,203.207.28.165
601,Rand,Currall,rcurrallgo@java.com,Male,220.188.120.4
602,Whitaker,MacClinton,wmacclintongp@wsj.com,Male,73.35.192.31
603,Hailey,Moorcraft,hmoorcraftgq@ucsd.edu,Male,19.95.184.35
604,Kattie,Dukes,kdukesgr@hc360.com,Genderqueer,248.88.87.5
605,Zacherie,Waite,zwaitegs@statcounter.com,Male,115.196.246.37
606,Marge,Bertenshaw,mbertenshawgt@hhs.gov,Female,44.233.71.242
607,Hamil,Santora,hsantoragu@hexun.com,Male,235.247.62.3
608,Moss,Kivell,mkivellgv@netlog.com,Male,129.228.76.142
609,Kaine,Barras,kbarrasgw@wufoo.com,Non-binary,250.199.78.235
610,Lezlie,Cuthbert,lcuthbertgx@hao123.com,Female,171.108.250.70
611,Beatrice,Gascard,bgascardgy@drupal.org,Female,92.119.76.169
612,Adaline,Fyldes,afyldesgz@unesco.org,Female,171.29.86.113
613,Jeri,Boyett,jboyetth0@t-online.de,Female,102.252.225.139
614,Barny,Tissington,btissingtonh1@wisc.edu,Male,167.254.44.81
615,Lorenza,O'Sullivan,losullivanh2@thetimes.co.uk,Female,242.233.31.26
616,Oralie,Sharplin,osharplinh3@mysql.com,Female,225.123.76.20
617,Yale,Kreber,ykreberh4@yale.edu,Male,180.54.20.196
618,Gwen,Rozzell,grozzellh5@opera.com,Female,44.130.115.167
619,Candide,Hellmer,chellmerh6@hhs.gov,Female,0.138.63.162
620,Izabel,Maskill,imaskillh7@opensource.org,Female,137.203.172.207
621,Fionna,Sandercock,fsandercockh8@howstuffworks.com,Female,161.104.33.231
622,Bart,Tisor,btisorh9@addthis.com,Male,109.241.29.67
623,Blondell,Righy,brighyha@bizjournals.com,Female,136.73.142.162
624,Imogene,Amburgy,iamburgyhb@phpbb.com,Female,73.44.118.164
625,Prissie,Gribbon,pgribbonhc@indiatimes.com,Female,54.161.10.54
626,Glen,Malitrott,gmalitrotthd@seesaa.net,Male,15.182.82.234
627,Lammond,O'Coskerry,locoskerryhe@github.io,Male,209.242.175.6
628,Nissa,Rehme,nrehmehf@webmd.com,Female,184.43.50.92
629,Zonda,Hadaway,zhadawayhg@pagesperso-orange.fr,Female,133.30.205.79
630,Andre,Crossman,acrossmanhh@cdc.gov,Male,25.93.250.247
631,Berthe,Woolis,bwoolishi@51.la,Bigender,131.124.99.156
632,Katha,Iozefovich,kiozefovichhj@theatlantic.com,Female,221.41.170.86
633,Jameson,Penson,jpensonhk@ezinearticles.com,Bigender,119.105.200.12
634,Regan,Cullin,rcullinhl@psu.edu,Male,133.51.228.205
635,Caryn,Syvret,csyvrethm@hc360.com,Female,223.213.63.206
636,Aubree,Ponton,apontonhn@sogou.com,Female,68.134.177.234
637,Tarah,Cerro,tcerroho@disqus.com,Female,228.247.187.52
638,Phil,MacGowing,pmacgowinghp@npr.org,Male,203.220.206.200
639,Justen,Dyott,jdyotthq@github.com,Male,61.34.128.117
640,Cozmo,Seally,cseallyhr@bbb.org,Male,27.55.123.104
641,Saundra,Twelftree,stwelftreehs@mac.com,Male,103.100.130.42
642,Gabe,Bowkley,gbowkleyht@icio.us,Male,75.248.50.218
643,Josselyn,McKelvey,jmckelveyhu@dell.com,Female,133.78.206.154
644,Esdras,Robbe,erobbehv@telegraph.co.uk,Male,201.77.153.46
645,Doreen,Noury,dnouryhw@123-reg.co.uk,Female,162.50.234.119
646,Gael,Van den Dael,gvandendaelhx@bbb.org,Female,118.29.62.70
647,Piper,Millgate,pmillgatehy@google.com,Female,4.76.21.22
648,Lena,Tapp,ltapphz@wired.com,Female,136.144.76.56
649,Evan,Hinksen,ehinkseni0@amazon.com,Male,68.107.34.203
650,Hortensia,Hakonsen,hhakonseni1@issuu.com,Female,59.37.166.39
651,Berne,Yackiminie,byackiminiei2@time.com,Male,98.74.128.65
652,Meggi,Fiveash,mfiveashi3@techcrunch.com,Female,188.148.122.149
653,Melamie,Ragsdale,mragsdalei4@wix.com,Polygender,42.83.36.225
654,Dasi,Pitson,dpitsoni5@live.com,Female,203.178.2.18
655,Joycelin,Nise,jnisei6@ucoz.com,Female,141.33.36.120
656,Arnaldo,Yuill,ayuilli7@etsy.com,Male,45.21.222.170
657,Annmaria,Haldane,ahaldanei8@yolasite.com,Female,166.246.69.148
658,Katinka,Bresman,kbresmani9@baidu.com,Female,227.91.53.246
659,Earle,Standeven,estandevenia@netlog.com,Male,119.76.188.238
660,Baxie,Groom,bgroomib@canalblog.com,Male,157.24.15.208
661,Willy,Furmston,wfurmstonic@gnu.org,Male,202.187.6.68
662,Frans,Francescotti,ffrancescottiid@home.pl,Male,135.100.41.10
663,Alfy,Blaymires,ablaymiresie@instagram.com,Female,146.245.111.39
664,Tamra,Wann,twannif@tinyurl.com,Female,129.212.116.88
665,Cari,Sunners,csunnersig@oakley.com,Female,55.229.41.188
666,Harmony,Bawme,hbawmeih@live.com,Bigender,9.13.124.125
667,Dayna,Butte,dbutteii@woothemes.com,Female,179.188.87.108
668,Richart,Hattersley,rhattersleyij@bloglines.com,Male,241.51.104.186
669,Isis,Neathway,ineathwayik@samsung.com,Female,21.206.235.64
670,Angelika,Jolliff,ajolliffil@nba.com,Female,56.27.90.174
671,Wendel,Neill,wneillim@phoca.cz,Bigender,92.164.23.172
672,Jacob,Fallow,jfallowin@mayoclinic.com,Male,245.19.231.161
673,Eberto,Rayment,eraymentio@cbslocal.com,Male,238.197.248.121
674,Josephine,Daye,jdayeip@phoca.cz,Genderfluid,2.55.130.148
675,Bartholomeo,Worgen,bworgeniq@tamu.edu,Male,52.222.53.29
676,Sidoney,McGibbon,smcgibbonir@google.es,Female,161.186.10.249
677,Ruby,McPhillimey,rmcphillimeyis@goo.ne.jp,Female,8.251.100.20
678,Arnold,Rodge,arodgeit@woothemes.com,Male,253.213.141.206
679,Gerty,Corfield,gcorfieldiu@skype.com,Female,228.203.164.242
680,Danita,Kitley,dkitleyiv@myspace.com,Female,55.112.189.34
681,Arlene,Kener,akeneriw@discuz.net,Female,224.9.208.110
682,Kenyon,Shurmore,kshurmoreix@va.gov,Male,68.31.144.113
683,Everard,Kop,ekopiy@mac.com,Male,158.10.118.197
684,Marietta,Segoe,msegoeiz@eepurl.com,Genderfluid,212.181.93.155
685,Delmore,Letessier,dletessierj0@google.com.au,Male,57.214.35.105
686,Marybeth,Bradnocke,mbradnockej1@nps.gov,Female,73.68.218.26
687,Mikkel,Robinette,mrobinettej2@xrea.com,Non-binary,31.228.97.145
688,Annecorinne,Castelin,acastelinj3@latimes.com,Female,209.204.169.75
689,Anastasie,Geer,ageerj4@hhs.gov,Female,62.21.175.207
690,Cosimo,Berns,cbernsj5@e-recht24.de,Genderqueer,162.147.220.103
691,Cassandra,Choules,cchoulesj6@youtube.com,Female,113.103.8.44
692,Analise,Goldwater,agoldwaterj7@plala.or.jp,Female,12.211.240.194
693,Hanna,Tilberry,htilberryj8@imageshack.us,Female,29.34.162.1
694,Mace,Spykins,mspykinsj9@nationalgeographic.com,Male,190.242.192.25
695,Guillermo,Bywater,gbywaterja@webeden.co.uk,Male,6.244.44.116
696,West,McNeill,wmcneilljb@booking.com,Male,135.164.171.213
697,Aharon,Segrave,asegravejc@opensource.org,Male,220.73.248.91
698,Maudie,Devonish,mdevonishjd@examiner.com,Female,26.206.246.138
699,Lucais,Brou,lbrouje@canalblog.com,Male,152.132.149.216
700,Derek,Syrett,dsyrettjf@vistaprint.com,Genderqueer,163.148.255.63
701,Chiquita,Chandlar,cchandlarjg@jiathis.com,Female,8.144.184.67
702,Verena,Pygott,vpygottjh@mtv.com,Female,212.52.87.163
703,Kesley,Fried,kfriedji@state.tx.us,Female,229.195.171.200
704,Elbert,Hellin,ehellinjj@vimeo.com,Male,154.17.174.246
705,Simona,Bonallick,sbonallickjk@economist.com,Female,178.196.227.196
706,Brendan,Kipping,bkippingjl@alibaba.com,Male,99.195.236.167
707,Dewain,Basnett,dbasnettjm@businessinsider.com,Male,162.246.183.128
708,Thorin,Traut,ttrautjn@alibaba.com,Male,164.219.197.104
709,Micky,Danilin,mdanilinjo@amazonaws.com,Male,234.103.178.98
710,Valli,McCarron,vmccarronjp@abc.net.au,Female,119.245.224.44
711,Rory,Blatchford,rblatchfordjq@csmonitor.com,Female,74.66.139.124
712,Tobye,Keatley,tkeatleyjr@vistaprint.com,Female,30.155.211.201
713,Guenna,Harries,gharriesjs@example.com,Female,39.185.92.107
714,Mack,McDougall,mmcdougalljt@spotify.com,Male,75.16.115.82
715,Holly,Bouldstridge,hbouldstridgeju@angelfire.com,Female,75.19.163.255
716,Glynnis,Pratt,gprattjv@github.io,Female,73.107.48.223
717,Terrye,Copestake,tcopestakejw@huffingtonpost.com,Female,231.3.182.239
718,Paolina,Colliar,pcolliarjx@npr.org,Female,207.160.5.154
719,Courtnay,Ratt,crattjy@arizona.edu,Male,142.58.149.215
720,Maribelle,Menpes,mmenpesjz@pbs.org,Female,64.16.185.145
721,Melantha,Smythe,msmythek0@answers.com,Genderqueer,85.244.142.51
722,Gillian,Girardoni,ggirardonik1@google.com.au,Female,106.101.103.209
723,Roana,Weeks,rweeksk2@freewebs.com,Female,103.224.234.169
724,Becki,Penhalurick,bpenhalurickk3@cornell.edu,Agender,233.132.99.101
725,Jon,Zanotti,jzanottik4@comcast.net,Genderfluid,32.244.93.192
726,Ibrahim,Grestie,igrestiek5@dot.gov,Male,91.61.156.198
727,Corabelle,Vieyra,cvieyrak6@constantcontact.com,Female,94.130.160.167
728,Emma,Bilsland,ebilslandk7@accuweather.com,Female,173.226.190.65
729,Quintin,Amner,qamnerk8@bluehost.com,Male,229.119.11.39
730,Jeannine,Hellewell,jhellewellk9@wix.com,Female,183.185.76.19
731,Antonius,Levesque,alevesqueka@friendfeed.com,Male,30.166.132.122
732,Marvin,De Souza,mdesouzakb@shareasale.com,Male,72.9.99.143
733,Fraze,Streight,fstreightkc@ow.ly,Male,38.181.5.39
734,Allsun,Hallbird,ahallbirdkd@hhs.gov,Female,52.198.115.48
735,Janaya,Segrott,jsegrottke@nytimes.com,Bigender,98.30.183.142
736,Birch,Dedden,bdeddenkf@blog.com,Male,143.126.162.117
737,Hi,Ham,hhamkg@ning.com,Genderqueer,213.130.120.159
738,Tedie,Overel,toverelkh@senate.gov,Male,122.170.251.155
739,Osbourn,Rogeron,orogeronki@desdev.cn,Male,171.128.6.250
740,Constantine,Knapman,cknapmankj@upenn.edu,Male,108.44.73.250
741,Aleta,Priestner,apriestnerkk@vinaora.com,Female,240.187.26.98
742,Vita,Bromont,vbromontkl@nyu.edu,Female,137.79.1.199
743,Randolph,Sellor,rsellorkm@php.net,Male,98.91.1.113
744,Alfreda,McInally,amcinallykn@stanford.edu,Female,130.117.212.170
745,Violetta,Letixier,vletixierko@arstechnica.com,Female,52.211.174.184
746,Mordy,O'Brian,mobriankp@princeton.edu,Agender,188.130.120.129
747,Gaby,Very,gverykq@wix.com,Female,187.144.193.52
748,Ludvig,Twallin,ltwallinkr@moonfruit.com,Male,201.225.216.97
749,Cahra,Glander,cglanderks@springer.com,Female,168.14.99.26
750,Madalyn,Hethron,mhethronkt@nytimes.com,Female,14.171.12.1
751,Horacio,Kebell,hkebellku@seattletimes.com,Male,182.173.33.53
752,Georgeanna,Kulicke,gkulickekv@facebook.com,Female,201.97.211.235
753,Jermaine,Tippetts,jtippettskw@umich.edu,Male,153.58.177.61
754,Robby,Bonsall,rbonsallkx@about.me,Male,42.181.220.89
755,Benedick,Soots,bsootsky@php.net,Male,247.9.187.223
756,Marsh,Girodon,mgirodonkz@soundcloud.com,Male,53.238.28.90
757,Olivier,Sauvan,osauvanl0@imdb.com,Male,39.243.129.149
758,Keenan,Kupka,kkupkal1@goo.ne.jp,Genderqueer,99.53.195.215
759,Kermie,Varndell,kvarndelll2@gravatar.com,Male,56.55.246.16
760,Nelie,Musterd,nmusterdl3@economist.com,Female,174.227.163.173
761,Jerrold,Jepp,jjeppl4@prlog.org,Male,141.79.4.56
762,Bernie,Dyne,bdynel5@spotify.com,Male,182.211.241.71
763,Gib,Cassell,gcasselll6@baidu.com,Male,21.64.228.197
764,Lucretia,Jewers,ljewersl7@ebay.co.uk,Agender,60.123.203.170
765,Norah,Lestor,nlestorl8@etsy.com,Female,145.153.44.230
766,Blake,Lovitt,blovittl9@github.com,Male,26.20.148.13
767,Jehanna,Lucien,jlucienla@paypal.com,Female,142.59.85.199
768,Shandra,Lafranconi,slafranconilb@deliciousdays.com,Female,14.25.198.15
769,Ignacius,Oxx,ioxxlc@tripadvisor.com,Male,75.124.59.91
770,Rollie,Bastick,rbastickld@github.com,Male,27.238.41.73
771,Tobit,Iron,tironle@geocities.jp,Male,248.186.196.137
772,Jeno,Erridge,jerridgelf@shutterfly.com,Male,202.43.205.125
773,Hugo,Grigorey,hgrigoreylg@goo.ne.jp,Male,121.39.52.207
774,Wait,Kristoffersson,wkristofferssonlh@vinaora.com,Male,5.98.100.93
775,Aron,Menichini,amenichinili@walmart.com,Male,204.41.251.92
776,Betteann,Reijmers,breijmerslj@timesonline.co.uk,Female,225.144.235.7
777,Garik,Keyme,gkeymelk@technorati.com,Male,219.210.82.42
778,Lombard,Blackaller,lblackallerll@kickstarter.com,Male,14.211.166.205
779,Inglis,Kibbey,ikibbeylm@ycombinator.com,Male,91.220.182.53
780,Gabriela,Stephens,gstephensln@fastcompany.com,Female,188.184.7.1
781,Enrika,Pirrey,epirreylo@clickbank.net,Female,17.113.193.170
782,Natal,Barnsdall,nbarnsdalllp@dyndns.org,Male,102.157.175.15
783,Mathian,Abbes,mabbeslq@sina.com.cn,Bigender,165.226.196.48
784,Sindee,Mighele,smighelelr@homestead.com,Female,236.4.67.54
785,Mathian,McMackin,mmcmackinls@usnews.com,Male,144.55.163.131
786,Cherrita,Emberson,cembersonlt@nymag.com,Female,223.169.157.118
787,Mattie,Freda,mfredalu@cnn.com,Genderfluid,117.36.221.211
788,Haze,Nan Carrow,hnancarrowlv@woothemes.com,Male,106.7.245.10
789,Gib,Ducker,gduckerlw@linkedin.com,Male,214.207.197.168
790,Nat,Weatherhead,nweatherheadlx@smugmug.com,Female,90.179.58.16
791,Benny,Worman,bwormanly@mlb.com,Female,248.131.103.52
792,Roman,Sheraton,rsheratonlz@salon.com,Polygender,202.195.180.17
793,Myrilla,Leaburn,mleaburnm0@istockphoto.com,Female,51.166.160.131
794,Shayla,Saban,ssabanm1@i2i.jp,Female,23.188.57.242
795,Christoper,Fontes,cfontesm2@china.com.cn,Male,11.55.231.50
796,Odey,Duly,odulym3@altervista.org,Male,28.46.4.98
797,Issie,Antoinet,iantoinetm4@theglobeandmail.com,Female,107.118.178.162
798,Jeth,Dinan,jdinanm5@blogger.com,Male,190.166.25.16
799,Perkin,Eicheler,peichelerm6@diigo.com,Male,217.173.161.104
800,Emili,Tebb,etebbm7@topsy.com,Female,205.183.159.235
801,Cary,Insko,cinskom8@webeden.co.uk,Female,37.230.13.203
802,Ailsun,Ather,aatherm9@eepurl.com,Agender,101.32.25.211
803,Ferrel,Karsh,fkarshma@time.com,Non-binary,80.35.204.88
804,Rahal,Grieves,rgrievesmb@surveymonkey.com,Female,161.255.4.151
805,Herbie,Kimber,hkimbermc@scribd.com,Male,115.70.16.94
806,Fonz,McNab,fmcnabmd@nhs.uk,Male,231.145.17.238
807,Helge,Symms,hsymmsme@walmart.com,Female,208.176.157.126
808,Karia,Nowell,knowellmf@seesaa.net,Bigender,223.193.234.93
809,Barron,Huckstepp,bhucksteppmg@xinhuanet.com,Male,117.57.95.92
810,Gerhard,Considine,gconsidinemh@comsenz.com,Male,39.98.44.169
811,Tyson,Fowlestone,tfowlestonemi@wikipedia.org,Male,219.153.254.46
812,Falkner,Slimme,fslimmemj@google.es,Male,232.145.229.95
813,Trumann,Echallie,techalliemk@noaa.gov,Male,102.109.151.37
814,Dionysus,Veryard,dveryardml@cbsnews.com,Male,117.161.183.251
815,Ebba,Normand,enormandmm@webnode.com,Female,130.247.107.137
816,Clarie,Jelleman,cjellemanmn@buzzfeed.com,Female,127.147.226.70
817,Sherlock,Lowsely,slowselymo@java.com,Male,234.180.133.249
818,Malachi,Dowdney,mdowdneymp@marketwatch.com,Male,185.9.26.50
819,Perle,Mainland,pmainlandmq@sciencedaily.com,Polygender,95.251.14.68
820,Deedee,Mathelon,dmathelonmr@tamu.edu,Female,107.210.210.114
821,Reagen,O'Deoran,rodeoranms@issuu.com,Male,181.33.246.51
822,Dasi,Lebarree,dlebarreemt@purevolume.com,Female,227.130.228.224
823,Raimund,Searsby,rsearsbymu@eventbrite.com,Male,85.134.111.97
824,Charin,Perillo,cperillomv@ucla.edu,Female,130.212.43.138
825,Bridget,Fine,bfinemw@mtv.com,Female,74.227.254.175
826,Fitzgerald,Olley,folleymx@google.es,Polygender,174.251.46.233
827,Tamqrah,MacCambridge,tmaccambridgemy@hatena.ne.jp,Female,42.109.55.132
828,Codi,Corlett,ccorlettmz@about.com,Female,27.67.229.163
829,Ad,Berkery,aberkeryn0@cbc.ca,Male,68.209.96.231
830,Jereme,Jovicic,jjovicicn1@stumbleupon.com,Male,237.244.171.23
831,Euell,Veregan,everegann2@engadget.com,Male,234.211.251.233
832,Armin,Jerrim,ajerrimn3@i2i.jp,Male,98.33.126.204
833,Steffi,Carlens,scarlensn4@barnesandnoble.com,Female,164.185.44.3
834,Conan,Drinkwater,cdrinkwatern5@free.fr,Genderfluid,167.157.27.249
835,Ediva,Westpfel,ewestpfeln6@adobe.com,Female,98.12.106.196
836,Royce,McPhilip,rmcphilipn7@marketwatch.com,Male,99.8.215.132
837,Jehu,Sheldrick,jsheldrickn8@mac.com,Male,175.19.151.187
838,Alissa,Davydkov,adavydkovn9@cafepress.com,Female,203.207.112.145
839,Gilles,Emmanuel,gemmanuelna@guardian.co.uk,Male,29.171.34.53
840,Renee,Glowacha,rglowachanb@stanford.edu,Female,110.160.86.180
841,Nikolia,Smelley,nsmelleync@theglobeandmail.com,Female,104.128.74.138
842,Jemmie,Dalziel,jdalzielnd@symantec.com,Female,141.121.32.71
843,Mariele,Grassot,mgrassotne@youtu.be,Female,122.198.202.119
844,Baillie,Twigg,btwiggnf@seesaa.net,Male,42.84.109.226
845,Grantham,Reckhouse,greckhouseng@dailymotion.com,Male,33.77.126.209
846,Pauline,Worlock,pworlocknh@nature.com,Female,48.54.18.96
847,Lenora,Bleyman,lbleymanni@clickbank.net,Female,44.197.50.166
848,Helenelizabeth,Lechmere,hlechmerenj@creativecommons.org,Female,8.31.80.116
849,Lynsey,Wase,lwasenk@senate.gov,Female,120.76.63.13
850,Hayden,Kohrsen,hkohrsennl@ted.com,Male,204.12.152.225
851,Elwood,Schoffler,eschofflernm@smugmug.com,Male,160.201.250.101
852,Gare,Byrd,gbyrdnn@tinypic.com,Male,95.172.227.153
853,Cindi,Samwaye,csamwayeno@bing.com,Female,29.86.228.12
854,Cam,Northgraves,cnorthgravesnp@paginegialle.it,Female,32.250.171.203
855,Shanta,Lauridsen,slauridsennq@twitter.com,Female,26.35.25.33
856,Felic,Sutworth,fsutworthnr@washington.edu,Male,151.183.195.84
857,Jody,Vlasin,jvlasinns@dell.com,Male,57.27.240.178
858,Owen,Thomas,othomasnt@istockphoto.com,Male,107.33.88.205
859,Reena,Chessill,rchessillnu@salon.com,Female,71.250.88.34
860,Cissy,Maber,cmabernv@wunderground.com,Female,79.248.37.237
861,Marla,Emmert,memmertnw@cbc.ca,Female,146.252.146.37
862,Vittorio,Gammage,vgammagenx@friendfeed.com,Male,242.181.7.209
863,Ennis,Schumacher,eschumacherny@amazon.co.uk,Male,136.59.121.16
864,Tremain,Loges,tlogesnz@amazon.co.jp,Male,29.28.219.64
865,Nona,Brightey,nbrighteyo0@histats.com,Female,164.227.139.54
866,Gilberto,Rotham,grothamo1@1und1.de,Male,188.88.42.168
867,Sigismondo,Fores,sforeso2@php.net,Male,126.225.147.194
868,Elysia,Butten,ebutteno3@bing.com,Female,209.112.127.237
869,Orelee,Medley,omedleyo4@census.gov,Polygender,69.160.138.86
870,Brockie,Fuxman,bfuxmano5@fotki.com,Male,152.133.85.106
871,Melissa,Kwietek,mkwieteko6@java.com,Female,171.63.75.154
872,Beverley,Olivas,bolivaso7@homestead.com,Female,249.213.122.83
873,Fred,Robens,frobenso8@addtoany.com,Male,200.192.135.9
874,Cecile,Kelsow,ckelsowo9@t.co,Female,186.241.132.2
875,Kimbell,Jirka,kjirkaoa@squidoo.com,Male,28.244.248.19
876,Zacharia,Barstow,zbarstowob@washington.edu,Male,42.71.135.239
877,Dorothee,Lyles,dlylesoc@dedecms.com,Female,150.26.166.64
878,Barn,Bowdler,bbowdlerod@ow.ly,Male,232.221.99.61
879,Melisse,Rodway,mrodwayoe@ed.gov,Female,48.93.79.233
880,Reginauld,Edrich,redrichof@sciencedirect.com,Male,189.74.83.130
881,Wash,Rounsefull,wrounsefullog@mac.com,Male,12.10.99.240
882,Rozelle,Dungate,rdungateoh@fc2.com,Female,77.224.138.130
883,Tanya,Goter,tgoteroi@i2i.jp,Female,58.182.182.75
884,Stella,Lambard,slambardoj@gov.uk,Female,153.22.75.245
885,Lari,Sesons,lsesonsok@technorati.com,Female,202.214.87.71
886,Latrena,Whitland,lwhitlandol@chicagotribune.com,Female,238.100.214.199
887,Casey,Lipprose,clipproseom@woothemes.com,Male,152.133.217.239
888,Demetre,Carlino,dcarlinoon@meetup.com,Male,219.155.63.168
889,Lois,Dagger,ldaggeroo@lycos.com,Female,215.198.224.19
890,Celine,Angliss,canglissop@virginia.edu,Female,16.156.110.199
891,Cherrita,Daleman,cdalemanoq@symantec.com,Female,20.200.193.65
892,Charlene,Grundey,cgrundeyor@umn.edu,Female,21.108.251.138
893,Etienne,Blair,eblairos@t-online.de,Male,212.26.5.67
894,Jeanette,Trent,jtrentot@tmall.com,Female,130.107.113.127
895,Goraud,Siddons,gsiddonsou@fastcompany.com,Male,95.143.151.90
896,Imelda,Aylmer,iaylmerov@scientificamerican.com,Female,232.14.22.168
897,Lissie,Braban,lbrabanow@bloglines.com,Female,59.70.134.100
898,Ad,Jozwik,ajozwikox@zdnet.com,Genderqueer,61.146.124.247
899,Tobit,Frean,tfreanoy@naver.com,Male,158.8.161.164
900,Pascale,Koeppke,pkoeppkeoz@usnews.com,Male,215.95.103.9
901,Diarmid,Askin,daskinp0@unc.edu,Male,192.134.133.147
902,Anette,Edmonston,aedmonstonp1@sciencedaily.com,Female,241.213.25.59
903,Keith,Zold,kzoldp2@cisco.com,Male,138.98.220.86
904,Ekaterina,Maceur,emaceurp3@thetimes.co.uk,Female,12.123.194.182
905,Twila,Tuff,ttuffp4@sfgate.com,Polygender,230.229.80.201
906,Jillane,Baldack,jbaldackp5@joomla.org,Female,102.185.129.52
907,Ada,Beckinsale,abeckinsalep6@ed.gov,Female,159.1.126.18
908,Hortense,Churn,hchurnp7@seattletimes.com,Female,193.201.67.160
909,Libbey,Fernanando,lfernanandop8@usatoday.com,Female,45.166.34.116
910,Dulsea,Bentham3,dbenthamp9@pbs.org,Female,241.153.245.136
911,Griz,Monro,gmonropa@weibo.com,Male,130.56.237.52
912,Stephie,Fairebrother,sfairebrotherpb@netscape.com,Female,145.184.208.150
913,Hewe,Bishell,hbishellpc@businessinsider.com,Male,71.153.187.159
914,Neda,Rosi,nrosipd@yellowbook.com,Female,138.234.101.107
915,Doris,Giorgietto,dgiorgiettope@unesco.org,Female,44.142.41.90
916,Godfree,Rafferty,graffertypf@noaa.gov,Male,42.89.86.85
917,Leonidas,Reicharz,lreicharzpg@posterous.com,Male,227.145.72.83
918,Gabbey,Ioannou,gioannouph@prnewswire.com,Female,60.58.232.110
919,Maison,Garford,mgarfordpi@ezinearticles.com,Male,253.21.84.182
920,Alfreda,Kleinpeltz,akleinpeltzpj@chronoengine.com,Female,48.228.76.29
921,Verile,Owbridge,vowbridgepk@51.la,Female,47.103.104.14
922,Reagan,Eberlein,reberleinpl@omniture.com,Agender,109.199.56.80
923,Dolf,Twamley,dtwamleypm@google.ca,Male,25.203.229.136
924,Berget,Alsopp,balsopppn@1688.com,Female,51.214.8.105
925,Sibelle,Reskelly,sreskellypo@bing.com,Female,197.202.204.136
926,Elly,Strettle,estrettlepp@google.co.uk,Female,169.105.242.80
927,Ketty,Potzold,kpotzoldpq@w3.org,Female,244.185.122.194
928,Mahmoud,Nawton,mnawtonpr@tiny.cc,Male,130.104.101.162
929,Barrie,Milsom,bmilsomps@reference.com,Male,249.195.136.157
930,Abbe,Casely,acaselypt@twitter.com,Female,163.227.59.128
931,Barbey,Snel,bsnelpu@slate.com,Female,162.149.97.128
932,Cece,Schaffel,cschaffelpv@joomla.org,Bigender,193.231.151.216
933,Kipp,Owenson,kowensonpw@washingtonpost.com,Male,230.254.160.184
934,Curry,Gaither,cgaitherpx@lycos.com,Male,163.111.231.154
935,Edith,Thinn,ethinnpy@sciencedirect.com,Female,235.2.231.59
936,Kipp,Rolfs,krolfspz@ted.com,Male,70.193.117.75
937,Nicky,Sherrott,nsherrottq0@hp.com,Male,229.244.7.84
938,Stearn,Guilder,sguilderq1@businessweek.com,Male,122.88.85.229
939,Maxwell,Dayes,mdayesq2@biblegateway.com,Male,16.66.181.230
940,Fraser,Gullifant,fgullifantq3@tinypic.com,Male,89.1.119.44
941,Hi,Whawell,hwhawellq4@hubpages.com,Male,231.31.241.14
942,Lilah,Robeson,lrobesonq5@photobucket.com,Female,109.216.130.148
943,Krispin,Trahar,ktraharq6@scribd.com,Male,73.168.158.107
944,Rodrick,O'Loinn,roloinnq7@redcross.org,Male,4.220.67.36
945,Gerta,Slorach,gslorachq8@dropbox.com,Female,232.121.165.254
946,Brocky,Soltan,bsoltanq9@networkadvertising.org,Male,38.242.218.117
947,Donovan,Daniaud,ddaniaudqa@reverbnation.com,Male,99.50.242.4
948,Emelita,Mitchell,emitchellqb@altervista.org,Female,147.150.166.40
949,Angele,Spere,aspereqc@networkadvertising.org,Female,67.78.255.209
950,Rosemaria,Darey,rdareyqd@so-net.ne.jp,Non-binary,240.171.166.152
951,Shani,Petto,spettoqe@wordpress.com,Genderfluid,79.198.173.50
952,Vasili,Kirkebye,vkirkebyeqf@jimdo.com,Male,80.131.213.57
953,Aldric,Gerlack,agerlackqg@toplist.cz,Male,124.110.178.6
954,Norby,Jedrychowski,njedrychowskiqh@amazonaws.com,Non-binary,250.115.36.131
955,Huntington,Forcade,hforcadeqi@cpanel.net,Male,67.241.134.93
956,Holt,Tyt,htytqj@people.com.cn,Male,205.23.94.146
957,Cloris,Vogelein,cvogeleinqk@posterous.com,Female,44.250.6.235
958,Andrew,McLeod,amcleodql@buzzfeed.com,Male,224.189.139.12
959,Witty,Bartholomew,wbartholomewqm@xrea.com,Male,241.80.193.246
960,Ring,Hebbs,rhebbsqn@fda.gov,Male,174.76.67.65
961,Alan,Rarity,ararityqo@cocolog-nifty.com,Male,159.224.116.93
962,Flory,Lyston,flystonqp@ebay.com,Male,1.184.147.191
963,Darbie,Peetermann,dpeetermannqq@tripadvisor.com,Female,242.90.219.172
964,Gan,Mayoh,gmayohqr@wikia.com,Polygender,163.249.44.82
965,Bertram,Sandyford,bsandyfordqs@marriott.com,Male,149.73.213.174
966,Briant,Boldero,bbolderoqt@goo.gl,Male,168.8.113.177
967,Wheeler,Lovelock,wlovelockqu@de.vu,Male,12.0.251.67
968,Mel,Dawidowitz,mdawidowitzqv@mac.com,Female,118.188.196.41
969,Oswell,Padkin,opadkinqw@engadget.com,Male,130.99.156.45
970,Westleigh,Varren,wvarrenqx@house.gov,Male,227.201.183.180
971,Tamas,Capron,tcapronqy@elegantthemes.com,Agender,165.14.241.122
972,Daloris,Corradengo,dcorradengoqz@people.com.cn,Female,110.139.26.31
973,Tina,Calven,tcalvenr0@microsoft.com,Female,177.54.194.79
974,Zuzana,Giacomelli,zgiacomellir1@unicef.org,Female,40.20.236.34
975,Darice,Vardon,dvardonr2@gravatar.com,Female,106.188.196.233
976,Alecia,Hubbart,ahubbartr3@g.co,Female,247.204.35.126
977,Mike,Chaloner,mchalonerr4@com.com,Male,187.13.215.64
978,Windham,True,wtruer5@microsoft.com,Male,134.20.130.215
979,Zane,Wyson,zwysonr6@github.io,Male,154.12.182.216
980,Jessie,Durie,jdurier7@nba.com,Male,190.69.31.13
981,Mord,Bisseker,mbissekerr8@si.edu,Male,172.69.154.171
982,Nial,Durbann,ndurbannr9@mozilla.com,Male,52.233.207.146
983,Si,Yoslowitz,syoslowitzra@hubpages.com,Male,232.206.139.119
984,Cory,Brennans,cbrennansrb@amazon.co.jp,Female,131.103.178.234
985,Graeme,Skettles,gskettlesrc@virginia.edu,Male,222.195.58.148
986,Floyd,Cutridge,fcutridgerd@fastcompany.com,Male,118.138.30.41
987,Valera,Spurge,vspurgere@over-blog.com,Female,13.249.121.156
988,Cyrille,MacAscaidh,cmacascaidhrf@auda.org.au,Genderqueer,152.38.24.196
989,Roanne,Cours,rcoursrg@slate.com,Female,167.85.233.191
990,Logan,Sandels,lsandelsrh@livejournal.com,Male,8.131.81.87
991,Felipe,Uzzell,fuzzellri@issuu.com,Male,196.140.15.230
992,Levon,Danniel,ldannielrj@google.com.au,Polygender,234.75.118.234
993,Kahlil,Paule,kpaulerk@newsvine.com,Male,217.177.103.130
994,Dennet,Harsent,dharsentrl@vimeo.com,Male,34.17.177.196
995,Mia,Gammie,mgammierm@smugmug.com,Female,162.251.31.224
996,Joachim,McIlraith,jmcilraithrn@prnewswire.com,Male,66.253.5.63
997,Thomasa,Feighry,tfeighryro@usgs.gov,Female,161.50.23.14
998,Jory,Edinburough,jedinburoughrp@privacy.gov.au,Male,84.198.58.147
999,Ailee,Lornsen,alornsenrq@mit.edu,Female,132.102.88.224
1000,Alberto,Weir,aweirrr@state.gov,Male,195.73.11.145
